Beauty Through Death,4973
Buried Treasure,18977
Burning Blood,1993
Hunter's Reward,1628
Immortal Resolve,518
Mawr Blaidd,25626
Nook's Crown,18473
Pride Before the Fall,703
Pride of the First Ones,4949
Rebirth,2594
Seven Years Bad Luck,81
The Artist,2695
The Damned,7020
The Demon,607
The Doctor,607
The Dragon's Heart,2926
The Enlightened,3023
The Fiend,607
The Immortal,636
The Iron Bard,1711
The King's Heart,703
The Landing,2245
The Life Thief,7070
The Mayor,23250
The Nurse,1476
The Polymath,113
The Professor,25380
The Queen,119
The Risk,1770
The Samurai's Eye,2302
The Soul,1335
The Spark and the Flame,155
The Wolven King's Bite,1060
The World Eater,1360
Wealth and Power,2616
Etched in Blood,1060
The Betrayal,783
Humility,1388
Rats,1016
The Oath,397
The Scavenger,223
The Visionary,760
The Army of Blood,2260
The Fathomless Depths,4765
