House of Mirrors,3283
The Demon,3891
The Doctor,3891
The Fiend,3891
The Immortal,3776
Beauty Through Death,3841
The Damned,5621
Nook's Crown,12376
The Iron Bard,5667
The Nurse,3509
Pride of the First Ones,5045
Seven Years Bad Luck,5498
Immortal Resolve,3777
The Spark and the Flame,2754
The Samurai's Eye,8
Hunter's Reward,3840
Wealth and Power,3351
The Dragon's Heart,3519
The Eye of Terror,2550
The Mayor,21465
The Queen,8836
The Soul,1263
Burning Blood,3429
The Bargain,370
Mawr Blaidd,2644
The Wolven King's Bite,3783
The Polymath,1467
Pride Before the Fall,479
The Hoarder,142
The Landing,3428
The Enlightened,2504
The Professor,21673
The Life Thief,6371
Buried Treasure,132
The World Eater,1436
The King's Heart,479
The Risk,251
The Artist,4189
Rebirth,3285